<?xml version="1.0" encoding="UTF-8"?>
<project-private xmlns="http://www.netbeans.org/ns/project-private/1">
    <editor-bookmarks xmlns="http://www.netbeans.org/ns/editor-bookmarks/2" lastBookmarkId="0"/>
    <open-files xmlns="http://www.netbeans.org/ns/projectui-open-files/2">
        <group>
            <file>file:/C:/Users/User/OneDrive/Documents/NetBeansProjects/ST10394012_PROG6112_A1/src/st10394012_prog6112_a1/ST10394012_PROG6112_A1.java</file>
            <file>file:/C:/Users/User/OneDrive/Documents/NetBeansProjects/ST10394012_PROG6112_A1/src/st10394012_prog6112_a1/Book.java</file>
            <file>file:/C:/Users/User/OneDrive/Documents/NetBeansProjects/ST10394012_PROG6112_A1/src/st10394012_prog6112_a1/supply_management.java</file>
            <file>file:/C:/Users/User/OneDrive/Documents/NetBeansProjects/ST10394012_PROG6112_A1/src/st10394012_prog6112_a1/Student.java</file>
            <file>file:/C:/Users/User/OneDrive/Documents/NetBeansProjects/ST10394012_PROG6112_A1/test/Student_Management_Test.java</file>
            <file>file:/C:/Users/User/OneDrive/Documents/NetBeansProjects/ST10394012_PROG6112_A1/test/Supply_Management_Test.java</file>
            <file>file:/C:/Users/User/OneDrive/Documents/NetBeansProjects/ST10394012_PROG6112_A1/src/st10394012_prog6112_a1/EBook.java</file>
        </group>
    </open-files>
</project-private>
